Shawn Petersen	200343	xpeter85
Warren Figueroa	782524	xfigue60
Jeremy Anderson	787030	xander33
Lisa Martin	413817	xmarti56
Edward Kemp	674378	xkemp23
Wendy Jones	138135	xjones96
Angela Smith	314064	xsmith56
Rachel Gonzalez	862161	xgonza36
Renee Banks	575019	xbanks82
Joshua Baird	258879	xbaird73
Lawrence Snyder	411082	xsnyde66
Kevin Marks	723162	xmarks78
Chelsea Dixon	459552	xdixon80
Lisa Gibson	907955	xgibso68
Adam Campos	624463	xcampo31
Thomas Johnson	610027	xjohns64
Richard Church	277598	xchurc28
James Gomez MD	416823	xmd42
Patrick Williams	961054	xwilli30
Samantha Dunn	521194	xdunn82
Shelia Sanchez	943609	xsanch62
Kimberly Green	124312	xgreen25
Rhonda Garcia	878261	xgarci51
Joshua Daniels	148077	xdanie69
Mark Clark	919108	xclark67
Heather Friedman	437551	xfried71
Anne Perkins	879278	xperki62
Molly Stewart	373874	xstewa20
Amy Miller	487405	xmille38
Evan Carson	874923	xcarso70
Kayla Scott	610371	xscott86
Sarah Barnes	571336	xbarne84
Drew Ball	353757	xball89
Derrick Clark	616427	xclark61
Cynthia Ruiz	284964	xruiz77
Diane Thompson	835991	xthomp70
Allison Higgins	654860	xhiggi12
Jill Martin	620014	xmarti81
Jennifer Patterson	686944	xpatte90
Kenneth Lucas	521382	xlucas84
Melissa Lee	555507	xlee68
Scott Pennington	276126	xpenni29
Tonya Patel	834337	xpatel92
Amy Dean	751930	xdean50
Christine Edwards	283864	xedwar77
Christopher Hopkins	198357	xhopki32
Gabrielle Lopez	467510	xlopez79
Victor Bell MD	662563	xmd79
Denise Williams	343884	xwilli23
Emily Reynolds	450949	xreyno74
Brianna Mendoza	581938	xmendo84
Bryan Howard	820859	xhowar20
Gary Murphy	492217	xmurph97
Robert Martinez	642218	xmarti67
Veronica Francis	691597	xfranc64
Robert Olson	712486	xolson72
Kelsey Hebert	419419	xheber80
Daniel Allen	636882	xallen71
Patrick Owen	922509	xowen61
Joseph Kim	209377	xkim80
Amy Mills	330848	xmills22
Barbara Jensen	693386	xjense64
James Barnes	988597	xbarne73
Meghan Peters	355159	xpeter91
Monica Anderson	781082	xander36
Nancy Banks	496819	xbanks45
Martha Love	547687	xlove80
Jonathan Davis	507402	xdavis55
Chase Jacobs	678257	xjacob43
Brittany Murphy	151468	xmurph31
Bryan Oliver	673588	xolive45
Paul Smith	971394	xsmith59
Devon Reynolds Jr.	917319	xjr.67
Kevin Chase	421627	xchase34
Michael Anderson	888773	xander41
Gail Jones	893436	xjones64
Elizabeth Griffin	790859	xgriff49
Dawn Schultz	904880	xschul70
Amber Shaw	860234	xshaw47
Angela Noble	953053	xnoble65
Kristopher Davis	331677	xdavis31
Craig Sanchez	836819	xsanch34
Jessica Johnson	850256	xjohns25
Katie Wilson	287809	xwilso52
Carlos Chapman	420198	xchapm10
Jasmine King	664818	xking17
Hannah Krause	317890	xkraus22
Gregory Strickland	633295	xstric96
Michael Hill	684950	xhill57
Krystal Russo	683886	xrusso65
Lori Johnson	958959	xjohns97
Tasha Lee	490821	xlee65
Joshua Obrien	125636	xobrie29
Megan Ortiz	963273	xortiz81
Matthew Wilson	871403	xwilso92
Juan Evans	482957	xevans34
Martin Dawson	674091	xdawso53
Brandi Owens	567947	xowens64
Amanda Harmon	727945	xharmo40
Benjamin Porter	564187	xporte42
Melissa Erickson	290545	xerick66
Patrick Garza	938611	xgarza35
Andrew Tucker	628233	xtucke95
Robert Rasmussen	192038	xrasmu90
Jennifer George	956433	xgeorg10
Jessica Caldwell	997757	xcaldw40
John Williams	349594	xwilli30
Larry Jones	163348	xjones78
Jason Mendez	519554	xmende41
Martin Soto	243836	xsoto32
Jake Anderson	461578	xander25
Anita Shelton	512847	xshelt62
Glenda Strickland	691597	xstric87
Joseph Barber	864453	xbarbe39
Mary Black	497006	xblack52
Cheryl Cooper	716130	xcoope96
Angela Simpson	695118	xsimps27
Victor Woods	204434	xwoods85
Michael Villanueva MD	384972	xmd96
Christian Lindsey	708679	xlinds58
Lance Fleming	424554	xflemi50
Thomas Jackson	750631	xjacks36
Hunter Ward	824009	xward67
Michael Fox	312866	xfox46
David Carter	842893	xcarte58
Brandon Burns	178821	xburns43
Joshua Chandler	591556	xchand97
Melanie Nichols	232345	xnicho71
Michelle Kent	347238	xkent63
Jose Hernandez	320624	xherna37
Linda Bird	962817	xbird75
Diane Jimenez	649685	xjimen18
Angela Douglas	675220	xdougl80
Lindsey Hall	552356	xhall89
Jamie Yates	728379	xyates48
Mallory Heath	282171	xheath40
Chad Rodriguez	182787	xrodri90
Michael Hawkins	397760	xhawki26
Rachel Reed	830925	xreed88
Geoffrey Mann	627199	xmann67
David Payne DDS	987011	xdds43
Heather Martinez	976319	xmarti22
Denise Kelly	942566	xkelly30
James Scott	373428	xscott44
Timothy Ross III	899303	xiii39
Kimberly Phillips	887996	xphill82
Sarah Coleman	844457	xcolem14
Brooke Gallegos	827233	xgalle65
Martin Green	795539	xgreen80
Brenda Bowman	765855	xbowma36
Shelby Mitchell	282734	xmitch14
Austin Ford	618580	xford58
Michael Waller	254676	xwalle83
Anthony Jones	452556	xjones79
Tyler Estrada	838443	xestra71
Jason Strickland	562717	xstric21
Mr. Paul Morris	308634	xmorri14
Brittany James	270829	xjames95
Jay White	569401	xwhite98
Henry Johnson	349386	xjohns30
Stephen Robertson	299456	xrober36
Randy Schmidt	968298	xschmi52
Ian Parks	745120	xparks44
Megan Ward	908051	xward97
Alexis Stokes	697443	xstoke43
Margaret Mason	621617	xmason12
Mrs. Anna Sanders	657573	xsande87
Kayla Chen	332844	xchen51
Dr. Timothy Williams	497012	xwilli37
Joseph Hicks	278115	xhicks32
Brenda Lee	478012	xlee40
Stacey Thomas	671587	xthoma46
Debra Davis	216711	xdavis99
Andrew White	342176	xwhite45
Dr. Preston Armstrong	189888	xarmst42
Brittany Rivera	455110	xriver74
Melissa Melton	171240	xmelto87
Jesus Lopez	966871	xlopez36
Angela Hayes	244896	xhayes12
Sharon Andrade	743118	xandra81
George Jordan	937102	xjorda42
Melissa Hawkins	150738	xhawki31
Donald Ingram	118958	xingra60
Claudia Alvarez	480749	xalvar58
Gabriel Johnson	114731	xjohns59
Ryan Walker	550728	xwalke56
William Wright	892721	xwrigh81
Daniel Boyd	558220	xboyd31
Thomas Davenport	735127	xdaven46
Jared Zimmerman	609389	xzimme27
Kelly Reynolds	383115	xreyno11
Kelly Alvarez	554166	xalvar78
Elizabeth Elliott	346657	xellio73
Danielle Arnold	235423	xarnol40
Krystal Blankenship	642305	xblank47
Ashley Meyer	124103	xmeyer91
Cameron Barnes	615608	xbarne70
James Sanchez	167508	xsanch99
Adriana Thompson	813949	xthomp19
Jennifer Fox	493297	xfox69
April Hodge	115532	xhodge55
Laura Ashley	741485	xashle70
Melinda Lara	772161	xlara62
Deborah Williams	475484	xwilli39
Timothy King	625070	xking21
Michael Anderson	879981	xander57
Roy Choi	403829	xchoi78
Michael Charles	923708	xcharl10
Melissa Johnson	656180	xjohns46
Kari Williams	298647	xwilli81
Randy Hudson	103054	xhudso33
Angela Ramirez	664285	xramir27
Michelle Smith	650575	xsmith65
Sheryl Aguirre	728582	xaguir52
Ryan Frederick	475213	xfrede38
James Shaw	299062	xshaw67
Mark Lin	784982	xlin94
Sarah Hicks	619939	xhicks67
Matthew Smith	372397	xsmith75
Samantha Simmons	346985	xsimmo79
Travis Peck	483748	xpeck88
Bryan Eaton	459856	xeaton37
Meghan Jenkins	360150	xjenki52
Victoria Smith	469348	xsmith69
Jill Myers	830915	xmyers65
William Ryan	895109	xryan83
Crystal Johnson	175726	xjohns83
Daniel Jordan	684571	xjorda90
Joanne Peterson	754938	xpeter22
Daniel Porter	248372	xporte11
Clayton Shelton	146686	xshelt57
Jonathan Mayo	323812	xmayo82
Tammy Young	605269	xyoung82
Dalton Gutierrez	722716	xgutie16
Elizabeth Morse	880137	xmorse87
Linda Morales	777970	xmoral27
Nicole Gibson	913902	xgibso98
Melinda Gallagher	111015	xgalla91
Jared Clark	121424	xclark19
Kenneth Garcia	459507	xgarci16
Daniel Elliott	298612	xellio88
Daniel Long	117168	xlong35
Rita Lewis	936769	xlewis75
Megan Owens DVM	542004	xdvm80
Matthew Roberts	300855	xrober93
Jill Thomas	752277	xthoma46
Catherine Frederick	573531	xfrede88
Gary Fernandez	685412	xferna84
Jose Henry	166506	xhenry43
Alexandra Martinez	216455	xmarti14
Craig Dickerson	853579	xdicke62
Nathan Aguilar	379000	xaguil41
Ashley Ellis	823703	xellis62
Melissa Stanley	594260	xstanl31
Heather Davis	755911	xdavis89
Vincent Price	711074	xprice80
Richard Robertson	234030	xrober56
Tracy Olsen MD	413731	xmd58
John Burgess	351292	xburge98
Stephen Gonzalez	755944	xgonza55
David Gray	332486	xgray34
Michael Macias	822180	xmacia54
Glenn Ross	823551	xross70
Jennifer Kelly	383773	xkelly38
Terry Stein	824383	xstein53
Paul Reese	733130	xreese85
Stacy Smith	361083	xsmith43
Gregory Benton	696532	xbento14
Kevin Owens	630128	xowens14
Lisa Herrera	593237	xherre70
Carol Lopez	751211	xlopez30
Regina Holloway	811847	xhollo39
Kyle Jensen	892954	xjense71
Thomas Jensen	851534	xjense63
Christina Brown	618051	xbrown32
Regina Barton	464481	xbarto21
Lori Hays	462482	xhays44
Sue Murillo	561868	xmuril88
Olivia Murphy	383544	xmurph12
Joseph Fleming DDS	983023	xdds55
Kimberly Mendez	646095	xmende33
Evan Holt	692169	xholt88
Dr. Gregory Randall	358957	xranda72
Adam Johnson	583220	xjohns30
Jennifer Avila	215653	xavila10
Diana Wagner	684716	xwagne23
Renee Little	291205	xlittl57
Julie Romero	844031	xromer72
Katherine Johnson	563190	xjohns42
Heather Graham	970725	xgraha75
Dakota Green	110062	xgreen60
Sean Johnson II	946063	xii41
Daniel Ramsey	147642	xramse24
Mark Barr	775403	xbarr76
Jeremy Wilson DDS	533675	xdds25
Michelle Yu	522958	xyu14
Chelsea Horn	447745	xhorn34
Lisa Kelley	750254	xkelle92
Christina Smith	593656	xsmith33
Scott Novak	657011	xnovak40